# PID,
5,
7,
8,
9,
10,
12,
13,
16,
18,
19,
20,
21,
22,
23,
25,
26,
27,
28,
29,
30,
32,
33,
34,
35,
36,
37,
# 39,7/15/24
40,
41,
42,
43,
50,
51,
52,
53,
54,
55,
56,
57,
58,
59,
60,
62,
63,
64,
65,
66,
67,
68,
69,
76,
77,
78,
79,
80,
81,
82,
83,
84,
85,
86,
87,
88,
89,
91,
92,
93,
94,
95,
99,
101,
102,
103,
104,
105,
106,
107,
111,
115,
116,
117,
118,
120,
121,
122,
123,
124,
125,
127,
128,
129,
132,
133,
136,
137,
138,
139,
140,
142,
143,
144,
148,
149,
150,
151,
152,
153,
154,
159,
161,
162,
163,
164,
167,
168,
169,
170,
171,
172,
173,
174,
176,
177,
178,
179,
180,
181,
182,
183,
187,
188,
189,
190,
191,
192,
194,
195,
197,
201,
202,
203,
204,
206,
207,
208,
209,
210,
217,
219,
220,
221,
222,
223,
224,
225,
229,
230,
231,
232,
233,
234,
235,
236,
237,
238,
241,
243,
244,
245,
246,
247,
248,
249,
250,
251,
252,
253,
254,
255,
256,
257,
258,
259,
260,
267,
270,
271,
272,
273,
274,
275,
276,
277,
278,
279,
280,
283,
287,
288,
290,
291,
292,
294,
295,
296,
297,
298,
299,
300,
301,
303,
306,
307,
308,
309,
310,
311,
313,
315,
316,
317,
319,
320,
321,
322,
323,
324,
325,
326,
327,
328,
329,
330,
331,
333,
334,
335,
336,
337,
339,
340,
341,
343,
344,
345,
346,
347,
348,
349,
350,
351,
355,
357,
358,
359,
360,
361,
363,
364,
365,
368,
369,
370,
371,
372,
375,
376,
377,
378,
379,
380,
381,
382,
383,
384,
385,
387,
388,
389,
390,
391,
392,
394,
395,
398,
399,
400,
401,
402,
405,
407,
408,
415,
417,
418,
427,
429,
432,
433,
434,
435,
436,
437,
438,
439,
440,
441,
442,
446,
447,
448,
450,
454,
457,
458,
459,
460,
461,
462,
463,
465,
469,
472,
473,
474,
475,
476,
478,
479,
480,
482,
483,
484,
486,
487,
488,
489,
490,
491,
492,
493,
494,
495,
501,
505,
506,
507,
509,
510,
511,
512,
513,
514,
515,
517,
518,
519,
520,
522,
526,
527,
529,
530,
532,
533,
537,
538,
540,
542,
543,
544,
545,
546,
547,
552,
557,
558,
559,
560,
561,
563,
564,
565,
569,
570,
571,
572,
575,
576,
578,
579,
580,
581,
582,
584,
591,
592,
593,
594,
597,
598,
600,
603,
605,
607,
611,
616,
617,
618,
620,
621,
622,
623,
624,
625,
626,
627,
633,
634,
635,
636,
637,
638,
639,
643,
645,
647,
648,
649,
650,
651,
652,
653,
654,
655,
659,
664,
667,
673,
675,
686,
688,
689,
690,
691,
692,
694,
695,
696,
697,
698,
700,
701,
702,
703,
704,
705,
706,
707,
708,
711,
717,
719,
720,
723,
724,
725,
734,
735,
736,
737,
738,
739,
740,
741,
742,
743,
744,
745,
746,
747,
748,
749,
750,
751,
752,
753,
754,
755,
756,
757,
758,
759,
760,
762,
764,
765,
767,
768,
769,
770,
771,
772,
773,
774,
775,
776,
782,
783,
784,
785,
786,
787,
788,
789,
792,
793,
795,
796,
797,
798,
799,
800,
801,
804,
806,
807,
808,
809,
810,
811,
812,
814,
815,
816,
820,
821,
824,
826,
827,
829,
830,
831,
832,
833,
834,
835,
836,
837,
838,
839,
840,
841,
842,
843,
844,
845,
846,
849,
850,
851,
852,
853,
855,
858,
860,
861,
862,
863,
864,
865,
867,
868,
869,
871,
872,
873,
874,
875,
876,
877,
878,
879,
880,
881,
883,
884,
887,
888,
891,
892,
895,
896,
897,
898,
899,
900,
901,
907,
908,
909,
910,
911,
912,
913,
915,
916,
917,
920,
921,
923,
924,
925,
934,
935,
939,
940,
941,
942,
943,
944,
947,
949,
951,
952,
953,
954,
955,
958,
959,
960,
961,
962,
963,
964,
965,
966,
967,
968,
969,
971,
972,
973,
974,
975,
976,
977,
978,
979,
981,
982,
983,
984,
986,
987,
990,
991,
992,
993,
994,
995,
996,
997,
998,
1002,
1003,
1004,
1005,
1006,
1009,
1015,
1016,
1018,
1019,
1020,
1022,
1023,
1024,
1025,
1026,
1027,
1028,
1030,
1031,
1033,
1034,
1035,
1037,
1038,
1039,
1040,
1041,
1042,
1043,
1045,
1046,
1048,
1049,
1051,
1052,
1053,
1054,
1055,
1057,
1058,
1060,
1061,
1064,
1068,
1069,
1070,
1071,
1076,
1077,
1078,
1079,
1081,
1082,
1083,
1084,
1085,
1087,
1091,
1092,
1093,
1094,
1096,
1097,
# 1098,
1099,
# 1100,
1101,
1102,
1103,
1104,
1105,
1109,
1111,
1112,
1113,
1118,
# 1119,
1120,
1121,
1122,
1123,
1124,
1125,
1126,
1127,
1129,
1131,
1132,
1133,
1136,
1137,
1138,
1140,
1141,
1142,
1144,
1149,
1150,
1151,
1152,
1154,
1155,
1156,
1157,
1158,
1163,
1164,
1165,
1166,
1167,
1169,
1170,
1171,
1173,
1177,
1186,
1187,
1188,
1189,
1190,
1191,
1192,
1193,
1195,
1196,
1197,
1198,
1199,
1200,
1201,
1202,
1203,
1204,
1206,
1207,
1208,
1209,
1211,
1212,
1213,
1214,
1215,
1222,
1223,
1225,
1226,
1227,
1228,
1229,
1230,
1232,
1233,
1234,
1235,
1236,
1243,
1247,
1248,
1249,
1250,
1251,
1255,
1256,
1257,
1263,
1265,
1266,
1267,
1268,
1269,
1270,
1271,
1272,
1274,
1277,
1282,
1289,
1291,
1292,
1298,
1299,
1302,
1304,
1305,
1309,
1311,
1312,
1313,
1319,
1323,
1325,
1326,
1327,
1332,
1333,
1335,
1336,
1337,
1338,
1340,
1341,
1342,
1343,
1344,
1352,
1353,
1354,
1355,
1356,
1358,
1360,
1361,
1362,
1363,
1364,
1365,
1366,
1367,
1373,
1374,
1375,
1379,
1382,
1384,
1385,
1386,
1387,
1388,
1389,
1394,
1399,
1400,
1401,
1402,
1403,
1406,
1410,
1412,
1413,
1417,
1423,
1435,
1436,
1437,
1438,
1439,
1440,
1441,
1442,
1443,
1446,
1447,
1448,
1449,
1450,
1451,
1455,
1456,
1457,
1462,
1464,
1466,
1468,
1469,
1471,
1472,
1473,
1475,
1477,
1484,
1485,
1486,
1488,
1489,
100000,
100021,
100041,
100103,
100122,
100142,
100162,
100163,
100164,
100182,
100184,
100202,
100243,
100262,
100263,
100264,
100265,
100282,
100302,
100322,
100361,
100401,
100422,
100442,
100462,
100463,
100482,
100502,
100503,
100522,
100523,
100542,
100543,
100562,
100563,
100582,
100583,
100602,
100622,
100642,
100662,
100722,
100742,
100822,
100863,
101082,
101143,
101162,
101182,
101183,
101202,
101203,
101204,
101205,
101224,
101242,
101243,
101262,
101282,
101325,
101342,
101362,
101382,
101442,
101462,
101483,
101502,
101523,
101542,
101562,
101582,
101602,
101622,
101642,
102644,
102691,
102692,
102712,
102732,
102736,
102737,
102759,
102763,
102766,
102768,
102770,
102771,
102772,
102814,
102815,
102834,
102854,
102874,
102875,
102876,
102896,
102897,
102916,
102956,
102976,
102996,
103016,
103036,
103057,
103079,
103097,
103117,
103137,
103157,
103178,
103197,
103220,
103222,
103224,
103225,
103226,
103227,
103228,
103229,
103230,
103233,
103237,
103238,
103239,
103240,
103242,
103243,
103244,
103245,
103246,
103247,
103248,
103249,
103250,
103251,
103252,
103253,
103254,
103255,
103257,